,title,author
0,The Seven Husbands of Evelyn Hugo (Hardcover),Taylor Jenkins Reid
1,It Ends with Us (Kindle Edition),Colleen Hoover
2,The Song of Achilles (Paperback),Madeline Miller
3,The Invisible Life of Addie LaRue (Hardcover),V.E. Schwab
4,"The Cruel Prince (The Folk of the Air, #1)",Holly Black
5,"From Blood and Ash (Blood and Ash, #1)",Jennifer L. Armentrout
6,"Six of Crows (Six of Crows, #1)",Leigh Bardugo
7,They Both Die at the End (Hardcover),Adam Silvera
8,"A Court of Thorns and Roses (A Court of Thorns and Roses, #1)",Sarah J. Maas
9,"Red, White & Royal Blue (Paperback)",Casey McQuiston
10,The Love Hypothesis (Paperback),Ali Hazelwood
11,Ugly Love (Kindle Edition),Colleen Hoover
12,We Were Liars (Kindle Edition),E. Lockhart
13,People We Meet on Vacation (Paperback),Emily Henry
14,The Spanish Love Deception (ebook),Elena Armas
15,The Hating Game (ebook),Sally Thorne
16,Beach Read (Paperback),Emily Henry
17,"Shadow and Bone (The Shadow and Bone Trilogy, #1)",Leigh Bardugo
18,"The Inheritance Games (The Inheritance Games, #1)",Jennifer Lynn Barnes
19,These Violent Delights (These Violent Delights #1),Chloe Gong
20,The Unhoneymooners (Paperback),Christina Lauren
21,Verity (ebook),Colleen Hoover
22,"Serpent & Dove (Serpent & Dove, #1)",Shelby Mahurin
23,"Caraval (Caraval, #1)",Stephanie Garber
24,Circe (Hardcover),Madeline Miller
25,"Kingdom of the Wicked (Kingdom of the Wicked, #1)",Kerri Maniscalco
26,Punk 57 (Kindle Edition),Penelope Douglas
27,"Dance of Thieves (Dance of Thieves, #1)",Mary E. Pearson
28,"The Shadows Between Us (The Shadows Between Us, #1)",Tricia Levenseller
29,"A Touch of Darkness (Hades & Persephone, #1)",Scarlett St. Clair
30,"Shatter Me (Shatter Me, #1)",Tahereh Mafi
31,"A Good Girl's Guide to Murder (A Good Girl's Guide to Murder, #1)",Holly Jackson
32,"Red Queen (Red Queen, #1)",Victoria Aveyard
33,The Midnight Library (Hardcover),Matt Haig
34,"House of Earth and Blood (Crescent City, #1)",Sarah J. Maas
35,"Throne of Glass (Throne of Glass, #1)",Sarah J. Maas
36,"We Hunt the Flame (Sands of Arawiya, #1)",Hafsah Faizal
37,"Daughter of the Pirate King (Daughter of the Pirate King, #1)",Tricia Levenseller
38,Daisy Jones & The Six (Hardcover),Taylor Jenkins Reid
39,"A Court of Mist and Fury (A Court of Thorns and Roses, #2)",Sarah J. Maas
40,Normal People (Hardcover),Sally Rooney
41,"One of Us Is Lying (One of Us is Lying, #1)",Karen M. McManus
42,The Priory of the Orange Tree (Kindle Edition),Samantha Shannon
43,"Crooked Kingdom (Six of Crows, #2)",Leigh Bardugo
44,"The Atlas Six (The Atlas, #1)",Olivie Blake
45,November 9 (Paperback),Colleen Hoover
46,To Kill a Kingdom (Hardcover),Alexandra Christo
47,"The Deal (Off-Campus, #1)",Elle Kennedy
48,"The Selection (The Selection, #1)",Kiera Cass
49,"It Happened One Summer (Bellinger Sisters, #1)",Tessa Bailey
50,"Neon Gods (Dark Olympus, #1)",Katee Robert
51,"A Court of Silver Flames (A Court of Thorns and Roses, #4)",Sarah J. Maas
52,"A Court of Wings and Ruin (A Court of Thorns and Roses, #3)",Sarah J. Maas
53,Legendborn (The Legendborn Cycle #1),Tracy Deonn
54,The House in the Cerulean Sea (Kindle Edition),T.J. Klune
55,A Little Life (Hardcover),Hanya Yanagihara
56,"The Sweetest Oblivion (Made, #1)",Danielle Lori
57,"The Wrath and the Dawn (The Wrath and the Dawn, #1)",Renée Ahdieh
58,"A Curse So Dark and Lonely (Cursebreakers, #1)",Brigid Kemmerer
59,"The Wicked King (The Folk of the Air, #2)",Holly Black
60,"Gild (The Plated Prisoner, #1)",Raven Kennedy
61,One Last Stop (Paperback),Casey McQuiston
62,"A Kingdom of Flesh and Fire (Blood and Ash, #2)",Jennifer L. Armentrout
63,"The Fine Print (Dreamland Billionaires, #1)",Lauren Asher
64,"The Kiss Quotient (The Kiss Quotient, #1)",Helen Hoang
65,The Secret History (Paperback),Donna Tartt
66,"The Bridge Kingdom (The Bridge Kingdom, #1)",Danielle L. Jensen
67,"The Queen of Nothing (The Folk of the Air, #3)",Holly Black
68,"Aristotle and Dante Discover the Secrets of the Universe (Aristotle and Dante, #1)",Benjamin Alire Sáenz
69,"The Awakening (Zodiac Academy, #1)",Caroline Peckham
70,If We Were Villains (Hardcover),M.L. Rio
71,Where the Crawdads Sing (ebook),Delia Owens
72,Malibu Rising (Hardcover),Taylor Jenkins Reid
73,"Ninth House (Alex Stern, #1)",Leigh Bardugo
74,"Siege and Storm (The Shadow and Bone Trilogy, #2)",Leigh Bardugo
75,"Furyborn (Empirium, #1)",Claire Legrand
76,"Ruin and Rising (The Shadow and Bone Trilogy, #3)",Leigh Bardugo
77,Heartless (Hardcover),Marissa Meyer
78,"Legend (Legend, #1)",Marie Lu
79,"An Ember in the Ashes (An Ember in the Ashes, #1)",Sabaa Tahir
80,The Night Circus (Hardcover),Erin Morgenstern
81,"The Crown of Gilded Bones (Blood and Ash, #3)",Jennifer L. Armentrout
82,"The Poppy War (The Poppy War, #1)",R.F. Kuang
83,"Renegades (Renegades, #1)",Marissa Meyer
84,Den of Vipers (Kindle Edition),K.A. Knight
85,"A Darker Shade of Magic (Shades of Magic, #1)",V.E. Schwab
86,All the Bright Places (Hardcover),Jennifer Niven
87,"Crave (Crave, #1)",Tracy Wolff
88,"Corrupt (Devil's Night, #1)",Penelope Douglas
89,"Twisted Love (Twisted, #1)",Ana Huang
90,Credence (Paperback),Penelope Douglas
91,"A Court of Frost and Starlight (A Court of Thorns and Roses, #3.1)",Sarah J. Maas
92,"King of Scars (King of Scars, #1)",Leigh Bardugo
93,Love and Other Words (Hardcover),Christina Lauren
94,"Flock (The Ravenhood, #1)",Kate Stewart
95,All the Light We Cannot See (Hardcover),Anthony Doerr
96,A Winter's Promise (The Mirror Visitor #1),Christelle Dabos
97,The Silent Patient (Hardcover),Alex Michaelides
98,"Vicious (Villains, #1)",V.E. Schwab
99,The Book Thief (Hardcover),Markus Zusak
100,Sorcery of Thorns (Hardcover),Margaret Rogerson
101,A Thousand Boy Kisses (ebook),Tillie Cole
102,Birthday Girl (ebook),Penelope Douglas
103,Lore (Hardcover),Alexandra Bracken
104,All Your Perfects (Paperback),Colleen Hoover
105,Cemetery Boys (Hardcover),Aiden Thomas
106,Reminders of Him (Kindle Edition),Colleen Hoover
107,From Lukov with Love (Paperback),Mariana Zapata
108,"Heartstopper: Volume One (Heartstopper, #1)",Alice Oseman
109,"Stalking Jack the Ripper (Stalking Jack the Ripper, #1)",Kerri Maniscalco
110,"The Maddest Obsession (Made, #2)",Danielle Lori
111,"Crier's War (Crier's War, #1)",Nina Varela
112,Cinderella Is Dead (ebook),Kalynn Bayron
113,"The Gilded Wolves (The Gilded Wolves, #1)",Roshani Chokshi
114,Ace of Spades (Paperback),Faridah Àbíké-Íyímídé
115,"Rhapsodic (The Bargainer, #1)",Laura Thalassa
116,"Heir of Fire (Throne of Glass, #3)",Sarah J. Maas
117,"Crown of Midnight (Throne of Glass, #2)",Sarah J. Maas
118,"These Hollow Vows (These Hollow Vows, #1)",Lexi Ryan
119,"The City of Brass (The Daevabad Trilogy, #1)",S.A. Chakraborty
120,Such a Fun Age (Hardcover),Kiley Reid
121,"Fable (Fable, #1)",Adrienne Young
122,"Cinder (The Lunar Chronicles, #1)",Marissa Meyer
123,The Wall of Winnipeg and Me (Kindle Edition),Mariana Zapata
124,"Throttled (Dirty Air, #1)",Lauren Asher
125,"Addicted to You (Addicted, #1)",Krista Ritchie
126,"Air Awakens (Air Awakens, #1)",Elise Kova
127,"The Darkest Temptation (Made, #3)",Danielle Lori
128,"Promises and Pomegranates (Monsters & Muses, #1)",Sav R. Miller
129,"Desperate Measures (Wicked Villains, #1)",Katee Robert
130,"A Deal with the Elf King (Married to Magic, #1)",Elise Kova
131,"Hooked (Never After, #1)",Emily McIntire
132,"Haunting Adeline (Cat and Mouse Duet, #1)",H.D. Carlton
133,The Starless Sea (Hardcover),Erin Morgenstern
134,"Scythe (Arc of a Scythe, #1)",Neal Shusterman
135,Girl in Pieces (Hardcover),Kathleen Glasgow
136,"Rule of Wolves (King of Scars, #2)",Leigh Bardugo
137,"Get a Life, Chloe Brown (The Brown Sisters, #1)",Talia Hibbert
138,"Empire of Storms (Throne of Glass, #5)",Sarah J. Maas
139,"Queen of Shadows (Throne of Glass, #4)",Sarah J. Maas
140,"Sky in the Deep (Sky and Sea, #1)",Adrienne Young
141,"The Kiss of Deception (The Remnant Chronicles, #1)",Mary E. Pearson
142,"Bone Crier's Moon (Bone Grace, #1)",Kathryn Purdie
143,"The Raven Boys (The Raven Cycle, #1)",Maggie Stiefvater
144,"Kingdom of Ash (Throne of Glass, #7)",Sarah J. Maas
145,"Twisted Games (Twisted, #2)",Ana Huang
146,You've Reached Sam (Hardcover),Dustin Thao
147,"Flames of Chaos (Legacy of the Nine Realms, #1)",Amelia Hutchins
148,"Priest (Priest, #1)",Sierra Simone
149,"Blood & Honey (Serpent & Dove, #2)",Shelby Mahurin
150,"Legendary (Caraval, #2)",Stephanie Garber
151,Spy Dust (Hardcover),Laureline Ducros
152,"Kingdom of the Cursed (Kingdom of the Wicked, #2)",Kerri Maniscalco
153,"American Queen (New Camelot Trilogy, #1)",Sierra Simone
154,"Iron Widow (Iron Widow, #1)",Xiran Jay Zhao
155,"Children of Blood and Bone (Legacy of Orïsha, #1)",Tomi Adeyemi
156,"Girl, Serpent, Thorn (Hardcover)",Melissa Bashardoust
157,"The Roommate (The Shameless Series, #1)",Rosie Danan
158,In Five Years (Hardcover),Rebecca Serle
159,"The Score (Off-Campus, #3)",Elle Kennedy
160,House of Salt and Sorrows (Hardcover),Erin A. Craig
161,"There Are No Saints (Sinners Duet, #1)",Sophie Lark
162,"The Mistake (Off-Campus, #2)",Elle Kennedy
163,"The Hawthorne Legacy (The Inheritance Games, #2)",Jennifer Lynn Barnes
164,"Tower of Dawn (Throne of Glass, #6)",Sarah J. Maas
165,Brutal Prince (Brutal Birthright #1),Sophie Lark
166,"Ice Planet Barbarians (Ice Planet Barbarians, #1)",Ruby Dixon
167,Wilder Girls (Hardcover),Rory Power
168,"Savage Lands (Savage Lands, #1)",Stacey Marie Brown
169,"Her Soul to Take (Souls Trilogy, #1)",Harley Laroux
170,Regretting You (Kindle Edition),Colleen Hoover
171,The Vanishing Half (Hardcover),Brit Bennett
172,The Dare (Kindle Edition),Harley Laroux
173,"Ignite Me (Shatter Me, #3)",Tahereh Mafi
174,"Call Me By Your Name (Call Me By Your Name, #1)",André Aciman
175,"A Touch of Ruin (Hades & Persephone, #2)",Scarlett St. Clair
176,Book Lovers (Hardcover),Emily Henry
177,"Hook, Line, and Sinker (Bellinger Sisters, #2)",Tessa Bailey
178,"She Who Became the Sun (The Radiant Emperor, #1)",Shelley Parker-Chan
179,This Is Where It Ends (Hardcover),Marieke Nijkamp
180,"Clockwork Angel (The Infernal Devices, #1)",Cassandra Clare
181,"How the King of Elfhame Learned to Hate Stories (The Folk of the Air, #3.5)",Holly Black
182,Today Tonight Tomorrow (Hardcover),Rachel Lynn Solomon
183,"The Chase (Briar U, #1)",Elle Kennedy
184,"Anna and the French Kiss (Anna and the French Kiss, #1)",Stephanie Perkins
185,"Beautiful World, Where Are You (Hardcover)",Sally Rooney
186,The Cheat Sheet (Kindle Edition),Sarah Adams
187,My Year of Rest and Relaxation (Paperback),Ottessa Moshfegh
188,Archer's Voice (ebook),Mia Sheridan
189,"Realm Breaker (Realm Breaker, #1)",Victoria Aveyard
190,"Finale (Caraval, #3)",Stephanie Garber
191,Honey Girl (Kindle Edition),Morgan Rogers
192,"Truly Devious (Truly Devious, #1)",Maureen Johnson
193,"The Risk (Mindf*ck, #1)",S.T. Abby
194,An Enchantment of Ravens (Hardcover),Margaret Rogerson
195,"A Song of Wraiths and Ruin (A Song of Wraiths and Ruin, #1)",Roseanne A. Brown
196,"Raybearer (Raybearer, #1)",Jordan Ifueko
197,On Earth We're Briefly Gorgeous (Hardcover),Ocean Vuong
198,"All the Stars and Teeth (All the Stars and Teeth, #1)",Adalyn Grace
199,"King of Battle and Blood (Adrian x Isolde, #1)",Scarlett St. Clair
200,"Our Violent Ends (These Violent Delights, #2)",Chloe Gong
201,"Unravel Me (Shatter Me, #2)",Tahereh Mafi
202,"The Assassin's Blade (Throne of Glass, #0.1-0.5)",Sarah J. Maas
203,"A Deadly Education (The Scholomance, #1)",Naomi Novik
204,"The Bear and the Nightingale (The Winternight Trilogy, #1)",Katherine Arden
205,Conversations with Friends (Kindle Edition),Sally Rooney
206,The 7½ Deaths of Evelyn Hardcastle (Hardcover),Stuart Turton
207,"Fortuna Sworn (Fortuna Sworn, #1)",K.J. Sutton
208,"Bound by Honor (Born in Blood Mafia Chronicles, #1)",Cora Reilly
209,You Deserve Each Other (Kindle Edition),Sarah Hogle
210,"Things We Never Got Over (Knockemout, #1)",Lucy Score
211,"Glass Sword (Red Queen, #2)",Victoria Aveyard
212,"Fix Her Up (Hot & Hammered, #1)",Tessa Bailey
213,"The Summer I Turned Pretty (Summer, #1)",Jenny Han
214,"The Final Empire (Mistborn, #1)",Brandon Sanderson
215,"Aurora Rising (The Aurora Cycle, #1)",Amie Kaufman
216,A Thousand Splendid Suns (Hardcover),Khaled Hosseini
217,"Pestilence (The Four Horsemen, #1)",Laura Thalassa
218,"The Young Elites (The Young Elites, #1)",Marie Lu
219,"Maybe Someday (Maybe, #1)",Colleen Hoover
220,"The One (The Selection, #3)",Kiera Cass
221,"Games We Play (One Night, #1)",Dana Isaly
222,"The Ex Hex (The Ex Hex, #1)",Erin Sterling
223,Last Night at the Telegraph Club (Hardcover),Malinda Lo
224,My Dark Vanessa (Hardcover),Kate Elizabeth Russell
225,Looking for Alaska (Paperback),John Green
226,"A Touch of Malice (Hades & Persephone, #3)",Scarlett St. Clair
227,"Nevernight (The Nevernight Chronicle, #1)",Jay Kristoff
228,"Bully (Fall Away, #1)",Penelope Douglas
229,"The Elite (The Selection, #2)",Kiera Cass
230,"Once Upon a Broken Heart (Once Upon a Broken Heart, #1)",Stephanie Garber
231,"Six Crimson Cranes (Six Crimson Cranes, #1)",Elizabeth Lim
232,Every Last Word (Hardcover),Tamara Ireland Stone
233,The Perks of Being a Wallflower (Paperback),Stephen Chbosky
234,"Daughter of Smoke & Bone (Daughter of Smoke & Bone, #1)",Laini Taylor
235,"Carry On (Simon Snow, #1)",Rainbow Rowell
236,"Good Girl, Bad Blood (A Good Girl's Guide to Murder, #2)",Holly Jackson
237,"Gods & Monsters (Serpent & Dove, #3)",Shelby Mahurin
238,"War Storm (Red Queen, #4)",Victoria Aveyard
239,"King's Cage (Red Queen, #3)",Victoria Aveyard
240,"Daughter of the Siren Queen (Daughter of the Pirate King, #2)",Tricia Levenseller
241,Lovely War (Hardcover),Julie Berry
242,"The War of Two Queens (Blood and Ash, #4)",Jennifer L. Armentrout
243,"House of Sky and Breath (Crescent City, #2)",Sarah J. Maas
244,Alone With You in the Ether (Kindle Edition),Olivie Blake
245,Marriage for One (Kindle Edition),Ella Maise
246,"The Goal (Off-Campus, #4)",Elle Kennedy
247,"The Iron King (The Iron Fey, #1)",Julie Kagawa
248,"The Fifth Season (The Broken Earth, #1)",N.K. Jemisin
249,"Three Dark Crowns (Three Dark Crowns, #1)",Kendare Blake
250,"Vow of Thieves (Dance of Thieves, #2)",Mary E. Pearson
251,Heart Bones (Kindle Edition),Colleen Hoover
252,Josh and Hazel's Guide to Not Dating (Paperback),Christina Lauren
253,"The Risk (Briar U, #2)",Elle Kennedy
254,"Wicked Saints (Something Dark and Holy, #1)",Emily A. Duncan
255,"Girls of Paper and Fire (Girls of Paper and Fire, #1)",Natasha Ngan
256,To Love Jason Thorn (Kindle Edition),Ella Maise
257,All Rhodes Lead Here (Kindle Edition),Mariana Zapata
258,House of Hollow (Hardcover),Krystal Sutherland
259,"One of Us Is Next (One of Us Is Lying, #2)",Karen M. McManus
260,Mexican Gothic (Hardcover),Silvia Moreno-Garcia
261,"Hopeless (Hopeless, #1)",Colleen Hoover
262,"The Beautiful (The Beautiful, #1)",Renée Ahdieh
263,"Fighting Destiny (The Fae Chronicles, #1)",Amelia Hutchins
264,The Flatshare (Hardcover),Beth O'Leary
265,"Vicious (Sinners of Saint, #1)",L.J. Shen
266,"Terms and Conditions (Dreamland Billionaires, #2)",Lauren Asher
267,The Soulmate Equation (Paperback),Christina Lauren
268,A Thousand Ships (Hardcover),Natalie Haynes
269,"Deviant King (Royal Elite, #1)",Rina Kent
270,This Is How You Lose the Time War (Kindle Edition),Amal El-Mohtar
271,"Hate (Madison Kate, #1)",Tate James
272,A Not So Meet Cute,Meghan Quinn
273,"Defy the Night (Defy the Night, #1)",Brigid Kemmerer
274,Kulti (Kindle Edition),Mariana Zapata
275,One True Loves (Kindle Edition),Taylor Jenkins Reid
276,"For the Wolf (Wilderwood, #1)",Hannah F. Whitten
277,"Heartstopper: Volume Two (Heartstopper, #2)",Alice Oseman
278,Confess (Paperback),Colleen Hoover
279,Counting Down with You (Hardcover),Tashie Bhuiyan
280,The Goldfinch (Hardcover),Donna Tartt
281,The Once and Future Witches (Hardcover),Alix E. Harrow
282,"Restore Me (Shatter Me, #4)",Tahereh Mafi
283,I'll Give You the Sun (Hardcover),Jandy Nelson
284,"Strange the Dreamer (Strange the Dreamer, #1)",Laini Taylor
285,"City of Bones (The Mortal Instruments, #1)",Cassandra Clare
286,"Electric Idol (Dark Olympus, #2)",Katee Robert
287,All He'll Ever Be (Merciless #1-4),W. Winters
288,"Exodus (The Ravenhood, #2)",Kate Stewart
289,"As Good As Dead (A Good Girl's Guide to Murder, #3)",Holly Jackson
290,"Boyfriend Material (London Calling, #1)",Alexis Hall
291,"White Hot Kiss (The Dark Elements, #1)",Jennifer L. Armentrout
292,"Imagine Me (Shatter Me, #6)",Tahereh Mafi
293,"Defy Me (Shatter Me, #5)",Tahereh Mafi
294,"Storm and Fury (The Harbinger, #1)",Jennifer L. Armentrout
295,"The Tiger at Midnight (The Tiger at Midnight Trilogy, #1)",Swati Teerdhala
296,It Starts with Us (Paperback),Colleen Hoover
297,What Lies Beyond the Veil (Of Flesh & Bone #1),Harper L. Woods
298,Love on the Brain (Kindle Edition),Ali Hazelwood
299,Window Shopping (ebook),Tessa Bailey
300,Sweet Temptation (Kindle Edition),Cora Reilly
301,"The Prison Healer (The Prison Healer, #1)",Lynette Noni
302,"Kiss the Sky (Calloway Sisters, #1)",Krista Ritchie
303,"This Savage Song (Monsters of Verity, #1)",Victoria Schwab
304,The Ten Thousand Doors of January (Hardcover),Alix E. Harrow
305,Bunny (Hardcover),Mona Awad
306,"We Free the Stars (Sands of Arawiya, #2)",Hafsah Faizal
307,"The Silence of the Girls (Women of Troy, #1)",Pat Barker
308,Cruel Beauty (Hardcover),Rosamund Hodge
309,"Sweet Obsession (Ruthless Games, #1)",Callie Rose
310,Skin of the Night (The Night #1),C.K. Bennett
311,"Kings of Chaos (Dirty Broken Savages, #1)",Eva Ashwood
312,The Maidens (Hardcover),Alex Michaelides
313,Layla (Kindle Edition),Colleen Hoover
314,"The Bone Shard Daughter (The Drowning Empire, #1)",Andrea Stewart
315,The Sun Is Also a Star (Hardcover),Nicola Yoon
316,The Upside of Falling (Hardcover),Alex Light
317,"Spin the Dawn (The Blood of Stars, #1)",Elizabeth Lim
318,"A Discovery of Witches (All Souls, #1)",Deborah Harkness
319,"Act Your Age, Eve Brown (The Brown Sisters, #3)",Talia Hibbert
320,"Heartstopper: Volume Three (Heartstopper, #3)",Alice Oseman
321,"Ruthless Creatures (Queens & Monsters, #1)",J.T. Geissinger
322,"On Dublin Street (On Dublin Street, #1)",Samantha Young
323,The Way I Used to Be (Kindle Edition),Amber Smith
324,Eleanor Oliphant Is Completely Fine (Hardcover),Gail Honeyman
325,The Kiss Thief (Paperback),L.J. Shen
326,"Paper Princess (The Royals, #1)",Erin Watt
327,"The Lightning Thief (Percy Jackson and the Olympians, #1)",(Pseudonym)
328,"Praise (Salacious Players Club, #1)",Rick Riordan
329,"Locked Up Liars (Saint View Prison, #1)",Sara Cate
330,"City of Thorns (The Demon Queen Trials, #1)",Elle Thorpe
331,"A Fate of Wrath & Flame (Fate & Flame, #1)",C.N. Crawford
332,"A Shadow in the Ember (Flesh and Fire, #1)",K.A. Tucker
333,History Is All You Left Me (ebook),Jennifer L. Armentrout
334,Incendiary (Hollow Crown #1),Adam Silvera
335,Holding Up the Universe (Hardcover),Zoraida Córdova
336,"Jade City (The Green Bone Saga, #1)",Jennifer Niven
337,"Angelfall (Penryn & the End of Days, #1)",Fonda Lee
338,"The Kinder Poison (The Kinder Poison, #1)",Susan Ee
339,"Gideon the Ninth (The Locked Tomb, #1)",Natalie Mae
340,"A Promise of Fire (Kingmaker Chronicles, #1)",Tamsyn Muir
341,"Ash Princess (Ash Princess Trilogy, #1)",Amanda Bouchet
342,"A Thousand Pieces of You (Firebird, #1)",Laura Sebastian
343,"The Hunger Games (The Hunger Games, #1)",Claudia Gray
344,A Million Kisses in Your Lifetime (Paperback),Suzanne Collins
345,A Lady of Rooksgrave Manor (Tempting Monsters #1),Monica Murphy
346,Ariadne (Hardcover),Kathryn Moon
347,The Guest List (Hardcover),Jennifer Saint
348,"Feather (Angels of Elysium, #1)",Lucy Foley
349,"The Gilded Ones (The Gilded Ones, #1)",Olivia Wildenstein
350,"Destroy Me (Shatter Me, #1.5)",Tahereh Mafi
351,The Worst Best Man (ebook),Mia Sosa
352,The Kite Runner (Paperback),Khaled Hosseini
353,"The Never King (Vicious Lost Boys, #1)",Nikki St. Crowe
354,The Spy Master,Laureline Ducros
355,"Lessons in Corruption (The Fallen Men, #1)",Giana Darling
356,Writers & Lovers (Hardcover),Lily King
357,"The Simple Wild (Wild, #1)",K.A. Tucker
358,The Dark Tide (Hardcover),Alicia Jasinska
359,"King of the South (Belgrave Dynasty, #1)",Calia Read
360,"Kill Switch (Devil's Night, #3)",Penelope Douglas
361,"Malice (Malice Duology, #1)",Heather Walter
362,Better Than the Movies (Hardcover),Lynn Painter
363,Lilac (Kindle Edition),B.B. Reid
364,"Radiance (Wraith Kings, #1)",Grace Draven
365,"Kings of Quarantine (Brutal Boys of Everlake Prep, #1)",Caroline Peckham
366,"A Touch of Chaos (Hades & Persephone, #4)",Scarlett St. Clair
367,"A Heart So Fierce and Broken (Cursebreakers, #2)",Brigid Kemmerer
368,Down Comes the Night (Hardcover),Allison Saft
369,Know My Name (ebook),Chanel Miller
370,Salt to the Sea (Hardcover),Ruta Sepetys
371,"Take a Hint, Dani Brown (The Brown Sisters, #2)",Talia Hibbert
372,"Skyhunter (Skyhunter, #1)",Marie Lu
373,"Of Fire and Stars (Of Fire and Stars, #1)",Audrey Coulthurst
374,"Dipped In Holly (Nick and Holly, #1)",Dana Isaly
375,"Carnage (Four Horsemen, #1)",Sarah Bailey
376,"The High Mountain Court (The Five Crowns of Okrith, #1)",A.K. Mulford
377,Seven Days in June (Hardcover),Tia Williams
378,"The Song of the Marked (Shadows and Crowns, #1)",S.M. Gaither
379,"A Vow Of Hate (A Vow of Hate, #1)",Lylah James
380,Scars (The Triad #1),Dana Isaly
381,"The Doctor (Nashville Neighborhood, #1)",Nikki Sloane
382,Heartstopper: Volume Four (Heartstopper #4),Alice Oseman
383,Everything I Know About Love (Hardcover),Dolly Alderton
384,"Glint (The Plated Prisoner, #2)",Raven Kennedy
385,"The Bromance Book Club (Bromance Book Club, #1)",Lyssa Kay Adams
386,"Nightfall (Devil's Night, #4)",Penelope Douglas
387,"What If It's Us (What If It's Us, #1)",Becky Albertalli
388,Piranesi (Hardcover),Susanna Clarke
389,"Zero Repeat Forever (The Nahx Invasions, #1)",Gabrielle S. Prendergast
390,The Fault in Our Stars (Hardcover),John Green
391,Anxious People (Paperback),Fredrik Backman
392,"Chain of Gold (The Last Hours, #1)",Cassandra Clare
393,"Love & Gelato (Love & Gelato, #1)",Jenna Evans Welch
394,"The Final Gambit (The Inheritance Games, #3)",Jennifer Lynn Barnes
395,Tender is the Flesh (Paperback),Agustina Bazterrica
396,"Before the Coffee Gets Cold (Before the Coffee Gets Cold, #1)",Toshikazu Kawaguchi
397,"All of Us Villains (All of Us Villains, #1)",(著)
398,The Last Thing He Told Me (Hardcover),Amanda Foody
399,Then She Was Gone (Hardcover),Laura Dave
400,The Picture of Dorian Gray (Paperback),Oscar Wilde
401,"Bring Me Their Hearts (Bring Me Their Hearts, #1)",Sara Wolf
402,The Grace Year (Hardcover),Kim Liggett
403,The Octunnumi Fosbit Files Prologue (Paperback),Trevor Alan Foris
404,I'm Thinking of Ending Things (Kindle Edition),Iain Reid
405,"Fracture Me (Shatter Me, #2.5)",Tahereh Mafi
406,"Prodigy (Legend, #2)",Marie Lu
407,Turtles All the Way Down (Hardcover),John Green
408,Pride and Prejudice (Paperback),Jane Austen
409,"Hideaway (Devil's Night, #2)",Penelope Douglas
410,"Written in the Stars (Written in the Stars, #1)",Alexandria Bellefleur
411,Little Fires Everywhere (Hardcover),Celeste Ng
412,"Scarred (Never After, #2)",Emily McIntire
413,Frivolous (Kindle Edition),Veronica Lancet
414,Gothikana (Kindle Edition),RuNyx
415,Things Have Gotten Worse Since We Last Spoke (Kindle Edition),Eric LaRocca
416,The Wolf and the Woodsman (Hardcover),Ava Reid
417,The Ex Talk (Kindle Edition),Rachel Lynn Solomon
418,The Witch's Heart (Hardcover),Genevieve Gornichec
419,The Light We Lost (Hardcover),Jill Santopolo
420,The One (Kindle Edition),John Marrs
421,"Twilight (The Twilight Saga, #1)",Stephenie Meyer
422,"The Last Magician (The Last Magician, #1)",Lisa Maxwell
423,Gods of Jade and Shadow (Hardcover),Silvia Moreno-Garcia
424,"Hush, Hush (Hush, Hush, #1)",Becca Fitzpatrick
425,She Drives Me Crazy (ebook),Kelly Quindlen
426,"Oath Taker (Kingdom of Runes, #1)",Audrey Grey
427,"A Ruin of Roses (Deliciously Dark Fairytales, #1)",K.F. Breene
428,Blindsided (Harris Brothers World #2),Amy Daws
429,Firekeeper's Daughter (Hardcover),Angeline Boulley
430,Still Beating (Kindle Edition),Jennifer Hartmann
431,"The Jasmine Throne (Burning Kingdoms, #1)",Tasha Suri
432,"Gleam (The Plated Prisoner, #3)",Raven Kennedy
433,"Beautifully Cruel (Beautifully Cruel, #1)",J.T. Geissinger
434,"Voyeur (Voyeur, #1)",Fiona Cole
435,Norwegian Wood (Paperback),Haruki Murakami
436,"Kingdom of Exiles (The Beast Charmer, #1)",Maxym M. Martineau
437,"The Dare (Briar U, #4)",Elle Kennedy
438,Dune (Hardcover),Frank Herbert
439,Starry Eyes (Hardcover),Jenn Bennett
440,"The Heir (The Selection, #4)",Kiera Cass
441,"Shadow of the Fox (Shadow of the Fox, #1)",Julie Kagawa
442,Priceless (Kindle Edition),Miranda Silver
443,"The Heir (Kingmakers, #1)",Sophie Lark
444,"Vow of Deception (Deception Trilogy, #1)",Rina Kent
445,The Savage and the Swan (Paperback),Ella Fields
446,"A Dowry of Blood (A Dowry of Blood, #1)",S.T. Gibson
447,"Lords of Pain (The Royals of Forsyth University, #1)",Angel Lawson
448,"The Finish Line (The Ravenhood, #3)",Kate Stewart
449,"The Way of Kings (The Stormlight Archive, #1)",Brandon Sanderson
450,Lost in the Never Woods (Hardcover),Aiden Thomas
451,The Bell Jar (Paperback),Sylvia Plath
452,Flowers for Algernon (Paperback),Daniel Keyes
453,"The Foxhole Court (All for the Game, #1)",Nora Sakavic
454,"Malice (The Faithful and the Fallen, #1)",John Gwynne
455,"The Name of the Wind (The Kingkiller Chronicle, #1)",Patrick Rothfuss
456,"The Rose & the Dagger (The Wrath and the Dawn, #2)",Renée Ahdieh
457,"After (After, #1)",Anna Todd
458,Uprooted (Hardcover),Naomi Novik
459,"Ace of Shades (The Shadow Game, #1)",Amanda Foody
460,"Red Rising (Red Rising Saga, #1)",Pierce Brown
461,"Darkfever (Fever, #1)",Karen Marie Moning
462,"Obsidian (Lux, #1)",Jennifer L. Armentrout
463,"The Unbecoming of Mara Dyer (Mara Dyer, #1)",Michelle Hodkin
464,Funny You Should Ask (Paperback),Elissa Sussman
465,The North Wind (The Four Winds #1),Alexandria Warwick
466,"Little Fire (Warriors of the Five Realms, #1)",Hollee Mands
467,Chasing Love (Dark Love #1),Kat T. Masen
468,"Dear Love, I Hate You (Easton High, #1)",Eliah Greenwood
469,The Mountain Is You: Transforming Self-Sabotage Into Self-Mastery (Kindle Edition),Brianna Wiest
470,Instructions for Dancing (Kindle Edition),Nicola Yoon
471,"The Legacy (Off-Campus, #5)",Elle Kennedy
472,Second First Impressions (Hardcover),Sally Thorne
473,The Beekeeper of Aleppo (Hardcover),Christy Lefteri
474,Her Body and Other Parties: Stories (Paperback),Carmen Maria Machado
475,"The Play (Briar U, #3)",Elle Kennedy
476,Five Feet Apart (ebook),Rachael Lippincott
477,Eleanor & Park (Hardcover),Rainbow Rowell
478,How to Make Friends with the Dark (Hardcover),Kathleen Glasgow
479,"The Stopover (The Miles High Club, #1)",T.L. Swan
480,"Bad Habit (Bad Love, #1)",Charleigh Rose
481,Gone Girl (Paperback),Gillian Flynn
482,"A Game of Fate (Hades Saga, #1)",Scarlett St. Clair
483,"Graceling (Graceling Realm, #1)",Kristin Cashore
484,The Nightingale (Hardcover),Kristin Hannah
485,"The Hate U Give (The Hate U Give, #1)",Angie Thomas
486,"Illuminae (The Illuminae Files, #1)",Amie Kaufman
487,Foundryside (Kindle Edition),Robert Jackson Bennett
488,Tell Me Three Things (Hardcover),Julie Buxbaum
489,"Onyx and Ivory (Rime Chronicles, #1)",Mindee Arnett
490,"Lady Midnight (The Dark Artifices, #1)",Cassandra Clare
491,"Flame in the Mist (Flame in the Mist, #1)",Renée Ahdieh
492,Good Girl Complex (Paperback),Elle Kennedy
493,Every Last Secret (Kindle Edition),A.R. Torre
494,"The Wisteria Society of Lady Scoundrels (Dangerous Damsels, #1)",India Holton
495,Sugar Daddies (Paperback),Jade West
496,"An Heir Comes to Rise (An Heir Comes to Rise, #1)",C.C. Peñaranda
497,"Pawn (Fae Games, #1)",Karen Lynch
498,The Alchemist (Paperback),Paulo Coelho
499,"Collided (Dirty Air, #2)",Lauren Asher
500,"Stay with Me (Stay with Me, #1)",Nicole Fiorina
501,"Beautiful Bastard (Beautiful Bastard, #1)",Christina Lauren
502,The Problem with Forever (Hardcover),Jennifer L. Armentrout
503,Everything I Never Told You (Hardcover),Celeste Ng
504,The Southern Book Club's Guide to Slaying Vampires (Kindle Edition),Grady Hendrix
505,"The Crown (The Selection, #5)",Kiera Cass
506,"Champion (Legend, #3)",Marie Lu
507,"Black Sun (Between Earth and Sky, #1)",Rebecca Roanhorse
508,"Spoiler Alert (Spoiler Alert, #1)",Olivia Dade
509,"The Midnight Lie (Forgotten Gods, #1)",Marie Rutkoski
510,"Archenemies (Renegades, #2)",Marissa Meyer
511,Before We Were Strangers (Paperback),Renee Carlino
512,Felix Ever After (Hardcover),Kacen Callender
513,Perfect on Paper (Hardcover),Sophie Gonzales
514,"Juniper Hill (The Edens, #2)",Devney Perry
515,"This Woven Kingdom (This Woven Kingdom, #1)",Tahereh Mafi
516,Dating Dr. Dil (If Shakespeare was an Auntie #1),Nisha Sharma
517,By a Thread (Kindle Edition),Lucy Score
518,Heavenly Bodies (Heavenly Bodies #1),Imani Erriu
519,"Blood Crown (Freedom's Harem, #1)",Elizabeth Brown
520,"Aristotle and Dante Dive into the Waters of the World (Aristotle and Dante, #2)",Benjamin Alire Sáenz
521,The Lost Apothecary (Hardcover),Sarah Penner
522,Your Dad Will Do (A Touch of Taboo #1),Katee Robert
523,The Henna Wars (Hardcover),Adiba Jaigirdar
524,"The Bride Test (The Kiss Quotient, #2)",Helen Hoang
525,"Sea of Ruin (Sea of Ruin, #1)",Pam Godwin
526,Exciting Times (Hardcover),Naoise Dolan
527,"The Unspoken Name (The Serpent Gates, #1)",A.K. Larkwood
528,If He Had Been with Me (Paperback),Laura Nowlin
529,"Welcome to the Dark Side (The Fallen Men, #2)",Giana Darling
530,Orbiting Jupiter (Kindle Edition),Gary D. Schmidt
531,"The Duke and I (Bridgertons, #1)",Julia Quinn
532,House of Leaves (Paperback),Mark Z. Danielewski
533,The Dreamers (Hardcover),Karen Thompson Walker
534,"Truthwitch (The Witchlands, #1)",Susan Dennard
535,"Supernova (Renegades, #3)",Marissa Meyer
536,"And I Darken (The Conqueror's Saga, #1)",Kiersten White
537,"My Sister, the Serial Killer (Hardcover)",Oyinkan Braithwaite
538,"The Ballad of Songbirds and Snakes (The Hunger Games, #0)",Suzanne Collins
539,"A Dark and Hollow Star (The Hollow Star Saga, #1)",Ashley Shuttleworth
540,Sweet & Bitter Magic (Hardcover),Adrienne Tooley
541,"Frostblood (Frostblood Saga, #1)",Elly Blake
542,"Carve the Mark (Carve the Mark, #1)",Veronica Roth
543,The Idiot (Hardcover),Elif Batuman
544,Under the Whispering Door (Hardcover),T.J. Klune
545,Sweet Cruelty (Ruthless Obsession #1),Zoe Blake
546,"To Bleed a Crystal Bloom (Crystal Bloom, #1)",Sarah A. Parker
547,"The Heart Principle (The Kiss Quotient, #3)",Helen Hoang
548,"The Initiation (Filthy Rich Americans, #1)",Nikki Sloane
549,"Ruthless Fae (Zodiac Academy, #2)",Caroline Peckham
550,"Sinner (Priest, #2)",Sierra Simone
551,Radio Silence (Paperback),Alice Oseman
552,"Learn My Lesson (Wicked Villains, #2)",Katee Robert
553,"Sweet Filthy Boy (Wild Seasons, #1)",Christina Lauren
554,"Winter (Evermore Academy, #1)",Audrey Grey
555,"Rush (Breathless, #1)",Maya Banks
556,"Wings of Ebony (Wings of Ebony, #1)",J. Elle
557,The Betrayals (ebook),Bridget Collins
558,"Shielded (Shielded, #1)",KayLynn Flanders
559,"I Wish You All the Best (I Wish You All the Best, #1)",Mason Deaver
560,"Everything, Everything (Hardcover)",Nicola Yoon
561,"The Queen's Assassin (The Queen's Secret, #1)",Melissa de la Cruz
562,"The Bone Witch (The Bone Witch, #1)",Rin Chupeco
563,"Assassin's Apprentice (Farseer Trilogy, #1)",Robin Hobb
564,"Poison Princess (The Arcana Chronicles, #1)",Kresley Cole
565,"The Queen of the Tearling (The Queen of the Tearling, #1)",Erika Johansen
566,"Where Good Girls Go To Die (Good Girls, #1)",Holly Renee
567,"Clockwork Prince (The Infernal Devices, #2)",Cassandra Clare
568,"The Falconer (The Falconer, #1)",Elizabeth May
569,Don't Let Me Fall (Don't Let Me #1),Kelsie Rae
570,"Scream For Us (Holiday Masked Men, #1)",Molly Doyle
571,Wait for It (Kindle Edition),Mariana Zapata
572,To Hate Adam Connor (Kindle Edition),Ella Maise
573,Lightlark (Hardcover),Alex Aster
574,"Barbarian Alien (Ice Planet Barbarians, #2)",Ruby Dixon
575,"Stolen Heir (Brutal Birthright, #2)",Sophie Lark
576,Most of All You (ebook),Mia Sheridan
577,Boy Parts (ebook),Eliza Clark
578,Diary of an Oxygen Thief (Paperback),Anonymous
579,S. (Hardcover),J.J. Abrams
580,"Well Met (Well Met, #1)",Jen DeLuca
581,"Covet (Crave, #3)",Tracy Wolff
582,"A Vow So Bold and Deadly (Cursebreakers, #3)",Brigid Kemmerer
583,Pandora's Jar: Women in the Greek Myths (Hardcover),Natalie Haynes
584,We Are Okay (Hardcover),Nina LaCour
585,Under Locke (Kindle Edition),Mariana Zapata
586,"Dark Lover (Black Dagger Brotherhood, #1)",J.R. Ward
587,"Crownchasers (Crownchasers, #1)",Rebecca Coffindaffer
588,"The Traitor Queen (The Bridge Kingdom, #2)",Danielle L. Jensen
589,"This is War: Travis & Viola, #1 (Checkmate Duet, #1)",Kennedy Fox
590,"The Diviners (The Diviners, #1)",Libba Bray
591,"Skyward (Skyward, #1)",Brandon Sanderson
592,A Lesson in Vengeance (Hardcover),Victoria Lee
593,"Half-Blood (Covenant, #1)",Jennifer L. Armentrout
594,"Shadow Me (Shatter Me, #4.5)",Tahereh Mafi
595,"The Lies of Locke Lamora (Gentleman Bastard, #1)",Scott Lynch
596,"Bared to You (Crossfire, #1)",Sylvia Day
597,"The Crown's Game (The Crown's Game, #1)",Evelyn Skye
598,"Warcross (Warcross, #1)",Marie Lu
599,"Clockwork Princess (The Infernal Devices, #3)",Cassandra Clare
600,Every Summer After (Paperback),Carley Fortune
601,"Dark Fae (Ruthless Boys of the Zodiac, #1)",Caroline Peckham
602,"The Sunderlands (World of Aureum, #1)",Anastasia K. King
603,"The Silent Waters (Elements, #3)",Brittainy C. Cherry
604,A Love Letter to Whiskey (Paperback),Kandi Steiner
605,Monday's Not Coming (ebook),Tiffany D. Jackson
606,"The Beast (Wicked Villains, #4)",Katee Robert
607,"Just Friends (Blue Beech, #6)",Charity Ferrell
608,Crying in H Mart (Hardcover),Michelle Zauner
609,The Last Time We Say Goodbye (Hardcover),Cynthia Hand
610,"Curse of the Wolf King (Entangled with Fae, #1)",Tessonja Odette
611,Trick Mirror: Reflections on Self-Delusion (Hardcover),Jia Tolentino
612,Sweet Black Waves (Sweet Black Waves #1),Kristina Pérez
613,"The Magic of Discovery (Emerald Lakes, #1)",Britt Andrews
614,"A Worthy Opponent (Wicked Villains, #3)",Katee Robert
615,My Lovely Wife (Hardcover),Samantha Downing
616,"Girl, Woman, Other (Hardcover)",Bernardine Evaristo
617,"Beautiful Disaster (Beautiful, #1)",Jamie McGuire
618,"Divergent (Divergent, #1)",Veronica Roth
619,The Nature of Witches (Hardcover),Rachel Griffin
620,Winter's Orbit (Paperback),Everina Maxwell
621,Luster (Hardcover),Raven Leilani
622,Dark Matter (Hardcover),Blake Crouch
623,Pretty Girls (Paperback),Karin Slaughter
624,Blood Heir (Blood Heir Trilogy #1),Amélie Wen Zhao
625,"Wolfsong (Green Creek, #1)",T.J. Klune
626,"An Absolutely Remarkable Thing (The Carls, #1)",Hank Green
627,In a Holidaze (Paperback),Christina Lauren
628,The Woman in the Window (Kindle Edition),A.J. Finn
629,"Her Royal Highness (Royals, #2)",Rachel Hawkins
630,"The Black Witch (The Black Witch Chronicles, #1)",Laurie Forest
631,"The Blade Itself (The First Law, #1)",Joe Abercrombie
632,An Affair of Poisons (Hardcover),Addie Thorley
633,"Cruel Prince (Royal Hearts Academy, #1)",Ashley Jade
634,"A Torch Against the Night (An Ember in the Ashes, #2)",Sabaa Tahir
635,"Captive Prince (Captive Prince, #1)",C.S. Pacat
636,"Crush (Crave, #2)",Tracy Wolff
637,"Where Dreams Descend (Kingdom of Cards, #1)",Janella Angeles
638,"Daughters Of Nri (The Return of the Earth Mother, #1)",Reni K. Amayo
639,RoomHate (Paperback),Penelope Ward
640,"Her Villains (The Shattered Isle, #1)",Jade Presley
641,Meet Me Halfway (Meet Me Halfway Series),Lilian T. James
642,The Words (Kindle Edition),Ashley Jade
643,"Daughter of the Moon Goddess (The Celestial Kingdom Duology, #1)",Sue Lynn Tan
644,"Daughter of the Moon Goddess (The Celestial Kingdom Duology, #1)",Sue Lynn Tan
645,"Paint It All Red (Mindf*ck, #5)",S.T. Abby
646,"The Shadow of the Gods (The Bloodsworn Saga, #1)",John Gwynne
647,The Ritual (Kindle Edition),Shantel Tessier
648,"Stroke of Midnight (Cinderella, #1)",K. Webster
649,"Indigo Ridge (The Edens, #1)",Devney Perry
650,"Only When It's Us (Bergman Brothers, #1)",Chloe Liese
651,"Chained Hands (Keir & Sailor Duet #1; Chained Hearts Duets, #1)",T.L. Smith
652,Ledge (The Glacian Trilogy #1),Stacey McEwan
653,"Wrecked (Dirty Air, #3)",Lauren Asher
654,Things I Wanted To Say (But Never Did),Monica Murphy
655,"Red Thorns (Thorns Duet, #1)",Rina Kent
656,Heart of a Monster (New Reign Mafia Duet #1),Shain Rose
657,"The Predator (Dark Verse, #1)",RuNyx
658,"The Reckoning (Zodiac Academy, #3)",Caroline Peckham
659,"A Veil of Truth and Trickery (The Veiled Realm, #1)",Analeigh Ford
660,Without Merit (Kindle Edition),Colleen Hoover
661,"Song of the Forever Rains (Mousai, #1)",E.J. Mellow
662,"Always Only You (Bergman Brothers, #2)",Chloe Liese
663,Tryst Six Venom (Kindle Edition),Penelope Douglas
664,Diver's Heart (Kindle Edition),K.A. Knight
665,Love Unexpected (Kindle Edition),Q.B. Tyler
666,The Girls I've Been (Hardcover),Tess Sharpe
667,Eileen (Hardcover),Ottessa Moshfegh
668,Shipped (Paperback),Angie Hockman
669,Tweet Cute (Hardcover),Emma Lord
670,"Dead Man Walking (The Fallen Men, #6)",Giana Darling
671,"The Infinity Courts (The Infinity Courts, #1)",Akemi Dawn Bowman
672,In the Dream House (Hardcover),Carmen Maria Machado
673,"The Mask of Mirrors (Rook & Rose, #1)",M.A. Carrick
674,Loveless (Paperback),Alice Oseman
675,Home Before Dark (Hardcover),Riley Sager
676,"The Gentleman's Guide to Vice and Virtue (Montague Siblings, #1)",Mackenzi Lee
677,"Reveal Me (Shatter Me, #5.5)",Tahereh Mafi
678,"Grave Mercy (His Fair Assassin, #1)",Robin LaFevers
679,The Penelopiad (Hardcover),Margaret Atwood
680,"A Reaper at the Gates (An Ember in the Ashes, #3)",Sabaa Tahir
681,Queenie (Hardcover),Candice Carty-Williams
682,"Kingsbane (Empirium, #2)",Claire Legrand
683,"These Witches Don't Burn (These Witches Don't Burn, #1)",Isabel Sterling
684,Speak (Hardcover),Laurie Halse Anderson
685,Fabbricante di lacrime (Kindle Edition),Erin Doom
686,Between Wrath and Mercy (The Divine Between #1),Jess Wisecup
687,The Pawn and The Puppet (The Pawn and The Puppet #1),Brandi Elise Szeker
688,The Summer Proposal (Paperback),Vi Keeland
689,"The Unseelie Prince (Maze of Shadows, #1)",Kathryn Ann Kingsley
690,"The Lawyer (The Dalton Brothers, # 1)",Marni Mann
691,Lotus (Kindle Edition),Jennifer Hartmann
692,"All the Lies (Mindf*ck, #4)",S.T. Abby
693,"Sidetracked (Mindf*ck, #2)",S.T. Abby
694,"Stuck with You (The STEMinist Novellas, #2)",Ali Hazelwood
695,"Little Thieves (Little Thieves, #1)",Margaret Owen
696,"Crow (Boston Underworld, #1)",A. Zavarelli
697,"Ruthless People (Ruthless People, #1)",J.J. McAvoy
698,The Enemy Trap (Kindle Edition),Maren Moore
699,"Morning Glory Milking Farm (Cambric Creek, #1)",C.M. Nascosta
700,Sick Fux (ebook),Tillie Cole
701,"7th Circle (Hades, #1)",Tate James
702,"Shadow Princess (Zodiac Academy, #4)",Caroline Peckham
703,"Delilah Green Doesn't Care (Bright Falls, #1)",Ashley Herring Blake
704,Milk Fed (Hardcover),Melissa Broder
705,"Ricochet (Addicted, #2)",Krista Ritchie
706,"When Sinners Play (Sinners of Hawthorne University, #1)",Eva Ashwood
707,"Redeemed (Dirty Air, #4)",Lauren Asher
708,All This Time (Hardcover),Mikki Daughtry
709,"Black Sunshine (Dark Eyes, #1)",Karina Halle
710,"American Royals (American Royals, #1)",Katharine McGee
711,"Full Tilt (Full Tilt, #1)",Emma Scott
712,A Certain Hunger (Audible Audio),Chelsea G. Summers
713,Hani and Ishu's Guide to Fake Dating (Kindle Edition),Adiba Jaigirdar
714,Sweet Dandelion (Kindle Edition),Micalea Smeltzer
715,Kafka on the Shore (Paperback),Haruki Murakami
716,No Longer Human (Paperback),Osamu Dazai
717,"The Silver Swan (Elite Kings Club, #1)",Amo Jones
718,"Crown of Coral and Pearl (Crown of Coral and Pearl, #1)",Mara Rutherford
719,"The Dating Plan (Marriage Game, #2)",Sara Desai
720,"Hollow Heathens: Book of Blackwell (Tales of Weeping Hollow, #1)",Nicole Fiorina
721,"The Unbroken (Magic of the Lost, #1)",C.L. Clark
722,"Flamecaster (Shattered Realms, #1)",Cinda Williams Chima
723,Just Kids (Hardcover),Patti Smith
724,"Alex, Approximately (Hardcover)",Jenn Bennett
725,"It Ain't Me, Babe (Hades Hangmen, #1)",Tillie Cole
726,"The Ruin of Kings (A Chorus of Dragons, #1)",Jenn Lyons
727,"The Thief (The Queen's Thief, #1)",Megan Whalen Turner
728,"The Lost Sisters (The Folk of the Air, #1.5)",Holly Black
729,"Wintersong (Wintersong, #1)",S. Jae-Jones
730,"Winter (The Lunar Chronicles, #4)",Marissa Meyer
731,"Cress (The Lunar Chronicles, #3)",Marissa Meyer
732,"A Sky Beyond the Storm (An Ember in the Ashes, #4)",Sabaa Tahir
733,Grown (Hardcover),Tiffany D. Jackson
734,You Should See Me in a Crown (Hardcover),Leah Johnson
735,"Boys of Brayshaw High (Brayshaw, #1)",Meagan Brandy
736,"Ruined (Ruined, #1)",Amy Tintera
737,"The Bone Season (The Bone Season, #1)",Samantha Shannon
738,"The Hazel Wood (The Hazel Wood, #1)",Melissa Albert
739,"Vampire Academy (Vampire Academy, #1)",Richelle Mead
740,"Sleet Kitten (Sleet, #1)",S.J. Tilly
741,Darling Venom (Kindle Edition),Parker S. Huntington
742,"Scarlet Angel (Mindf*ck, #3)",S.T. Abby
743,Tempt Me (The Wolf Hotel #1),Nina West
744,"Hunting Adeline (Cat and Mouse Duet, #2)",H.D. Carlton
745,"Fierce King (L.A. Ruthless, #1)",Sadie Kincaid
746,"The Devil (Devil's Playground, #1)",Ashley Jade
747,Luna and the Lie (ebook),Mariana Zapata
748,More Than Once (More Than #1),Dominique Wolf
749,Not Here to Be Liked,Michelle Quach
750,Make It Sweet (Kindle Edition),Kristen Callihan
751,"A Marvellous Light (The Last Binding, #1)",Freya Marske
752,Lessons in Sin (ebook),Pam Godwin
753,"Believe Me (Shatter Me, #6.5)",Tahereh Mafi
754,All the Little Lies (English Prep #1),S.J. Sylvis
755,Sicko (ebook),Amo Jones
756,Four (Kindle Edition),Sara Cate
757,"The Architect (Nashville Neighborhood, #3)",Nikki Sloane
758,"Long Shot (Hoops, #1)",Kennedy Ryan
759,"Cursed Fates (Zodiac Academy, #5)",Caroline Peckham
760,"Captive of the Horde King (Horde Kings of Dakkar, #1)",Zoey Draven
761,"Fire Night (Devil's Night, #4.5)",Penelope Douglas
762,"Empire of the Vampire (Empire of the Vampire, #1)",Jay Kristoff
763,"Founded on Goodbye (Mixtape, #1)",Kat Singleton
764,"Kiss of War (City of Stars, #1)",Clara Elroy
765,"Addicted for Now (Addicted, #3)",Krista Ritchie
766,Whispers and the Roars (Kindle Edition),K. Webster
767,99 Percent Mine (Hardcover),Sally Thorne
768,The Boy with Fire (The Ravence Trilogy #1),Aparna Verma
769,"Pucked (Pucked, #1)",Helena Hunting
770,"Kate (Madison Kate, #4)",Tate James
771,"Fake (Madison Kate, #3)",Tate James
772,"The Third Best Thing (Fulton U, #3)",Maya Hughes
773,"Liar (Madison Kate, #2)",Tate James
774,"Tokyo Ever After (Tokyo Ever After, #1)",Emiko Jean
775,The Wrong Game (Kindle Edition),Kandi Steiner
776,Fool Me Twice (Paperback),Carrie Aarons
777,"Hall of Smoke (Hall of Smoke, #1)",H.M. Long
778,"Again, but Better (Hardcover)",Christine Riccio
779,Four Psychos (The Dark Side #1),Kristy Cunning
780,The Cousins (Library Binding),Karen M. McManus
781,"The Merciful Crow (The Merciful Crow, #1)",Margaret Owen
782,Something to Talk About (Paperback),Meryl Wilsner
783,"Lightbringer (Empirium, #3)",Claire Legrand
784,"Stolen (Stolen, #1)",Lucy Christopher
785,The Binding (Hardcover),Bridget Collins
786,"Hothouse Flower (Calloway Sisters, #2)",Krista Ritchie
787,"The Shadow Queen (Ravenspire, #1)",C.J. Redwine
788,"Dark Harmony (The Bargainer, #3)",Laura Thalassa
789,Emma in the Night (Hardcover),Wendy Walker
790,The Winter Duke (Hardcover),Claire Eliza Bartlett
791,"The Winner's Curse (The Winner's Trilogy, #1)",Marie Rutkoski
792,One Percent of You (Kindle Edition),Michelle Gross
793,Faking with Benefits (Paperback),Lily Gold
794,"Ruining Dahlia (Mafia Wars, #3)",C.R. Jane
795,The American Roommate Experiment (Paperback),Elena Armas
796,"The Witch Collector (Witch Walker, #1)",Charissa Weaks
797,"Heartless Sky (Zodiac Academy, #7)",Caroline Peckham
798,"Under One Roof (The STEMinist Novellas, #1)",Ali Hazelwood
799,"Below Zero (The STEMinist Novellas, #3)",Ali Hazelwood
800,"All the Feels (Spoiler Alert, #2)",Olivia Dade
801,Come anima mai (Kindle Edition),Rossana Soldano
802,After I Do (Paperback),Taylor Jenkins Reid
803,"Savage Lover (Brutal Birthright, #3)",Sophie Lark
804,Untainted (The Crystal Island #1),Lilian T. James
805,Perfect Strangers (Kindle Edition),J.T. Geissinger
806,Ghosted (Paperback),J.M. Darhower
807,"Vicious Kings (The Dark Elite, #1)",Eva Ashwood
808,Morally Corrupt (Kindle Edition),Veronica Lancet
809,"Hero (Marry the Scot, #3)",Jolie Vines
810,Milk and Honey (Paperback),Rupi Kaur
811,"Bloodied Hands (Bellandi Crime Syndicate, #1)",Adelaide Forrest
812,"Mafia Mistress (The Kings of Italy, #1)",Mila Finelli
813,"Wicked Beauty (Dark Olympus, #3)",Katee Robert
814,"Hunter (Hunting Her, #1)",Eden Summers
815,"Filthy (The Five Points' Mob Collection, #1)",Serena Akeroyd
816,"Kingdom of the Feared (Kingdom of the Wicked, #3)",Kerri Maniscalco
817,"Sinners' Playground (The Harlequin Crew, #1)",Caroline Peckham
818,"The Trouble with Hating You (The Trouble with Hating You, #1)",Sajni Patel
819,Conclave (Devil's Night #3.5),Penelope Douglas
820,Jade Fire Gold (Hardcover),June C.L. Tan
821,"Three Simple Rules (Blindfold Club, #1)",Nikki Sloane
822,"The Perfect First (Fulton U, #1)",Maya Hughes
823,"Divine (Divine, #1)",M.J. Woodman
824,"You Had Me at Hola (Primas of Power, #1)",Alexis Daria
825,"Queen Takes Rose (Wicked Villains, #6)",Katee Robert
826,In Deeper Waters (Hardcover),F.T. Lukens
827,"Dead Moons Rising (Honest Scrolls, #1)",Jack Whitney
828,A Man Called Ove (Hardcover),Fredrik Backman
829,"Burn (Dark in You, #1)",Suzanne Wright
830,A Pho Love Story (Hardcover),Loan Le
831,Opposite of Always (Kindle Edition),Justin A. Reynolds
832,"Divine Blood (Guardians of the Maiden, #1)",Beck Michaels
833,If I Had Your Face (Hardcover),Frances Cha
834,"The Maze Runner (The Maze Runner, #1)",James Dashner
835,One Day in December (Paperback),Josie Silver
836,Educated (Hardcover),Tara Westover
837,"Vein Of Love (Blackest Gold, #1)",R. Scarlett
838,"The Knife of Never Letting Go (Chaos Walking, #1)",Patrick Ness
839,"Poison Study (Study, #1)",Maria V. Snyder
840,"Harry Potter and the Sorcerer's Stone (Harry Potter, #1)",J.K. Rowling
841,"The Queen's Rising (The Queen’s Rising, #1)",Rebecca Ross
842,Four Dead Queens (Hardcover),Astrid Scholte
843,"There Will Come a Darkness (The Age of Darkness, #1)",Katy Rose Pool
844,Master of Salt & Bones (Kindle Edition),Keri Lake
845,"A Strange Hymn (The Bargainer, #2)",Laura Thalassa
846,Mr. Wrong Number (Kindle Edition),Lynn Painter
847,Restore me,J.L. Seegars
848,"Ignite (Cloverleigh Farms, #6)",Melanie Harlow
849,I Kissed Shara Wheeler (Hardcover),Casey McQuiston
850,The Longing of Lone Wolves (Fae Guardians #1),Lana Pecherczyk
851,Book of Night (Hardcover),Holly Black
852,"One Moment Please (Wait With Me, #3)",Amy Daws
853,Find Me (WITSEC #1),Ashley N. Rostek
854,"Secrets We Hunt (One Night, #2)",Dana Isaly
855,Into the Dark (Kindle Edition),Dana Isaly
856,Little Devil (Kindle Edition),Bethany Winters
857,"The Spy (Kingmakers, #4)",Sophie Lark
858,"Gilded (Gilded, #1)",Marissa Meyer
859,Moon Touched (Zodiac Wolves #1),Elizabeth Briggs
860,"Broken Vow (Brutal Birthright, #5)",Sophie Lark
861,Don't Kiss the Bride (Kindle Edition),Carian Cole
862,"Daughter of No Worlds (The War of Lost Hearts, #1)",Carissa Broadbent
863,Convenience Store Woman (Paperback),Sayaka Murata
864,"Flame and Starlight (The Esteria, #1)",Dana Isaly
865,"A Lie for a Lie (All In, #1)",Helena Hunting
866,"Fight Dirty (Black Rose Kisses, #1)",Eva Ashwood
867,"A Court of Honey and Ash (Honey and Ice Trilogy, #1)",Shannon Mayer
868,"Resurrection (The Sainthood - Boys of Lowell High, #1)",Siobhan Davis
869,The Summer of Broken Rules (Hardcover),K.L. Walther
870,"A Song Below Water (A Song Below Water, #1)",Bethany C. Morrow
871,"Rejected (Shadow Beast Shifters, #1)",Jaymin Eve
872,Sistersong (Hardcover),Lucy Holland
873,The Great Gatsby (Paperback),F. Scott Fitzgerald
874,"Court (Crave, #4)",Tracy Wolff
875,What My Mother and I Don't Talk About: Fifteen Writers Break the Silence (Hardcover),Michele Filgate
876,"The Wedding Date (The Wedding Date, #1)",(Editor)
877,You Have a Match (Hardcover),Jasmine Guillory
878,Untamed (Hardcover),Emma Lord
879,Two Can Keep a Secret (Hardcover),Glennon Doyle
880,Sweetbitter (Hardcover),Karen M. McManus
881,101 Essays That Will Change the Way You Think (Kindle Edition),Stephanie Danler
882,The Midnight Bargain (Hardcover),Brianna Wiest
883,More Happy Than Not (Hardcover),C.L. Polk
884,"Twist Me (Twist Me, #1)",Adam Silvera
885,No Exit (Kindle Edition),Anna Zaires
886,"The Bone Witch (The Osseous Chronicles, #1)",Taylor Adams
887,"Shadow Frost (Shadow Frost, #1)",Ivy Asher
888,"Witches Steeped in Gold (Witches Steeped in Gold, #1)",Coco Ma
889,"The Way of Shadows (Night Angel, #1)",Ciannon Smart
890,Shameless King (Kings of Rittenhouse #1),Brent Weeks
891,The Loneliest Girl in the Universe (Paperback),Maya Hughes
892,"Wait for You (Wait for You, #1)",Lauren James
893,"The Traitor's Kiss (The Traitor's Circle, #1)",Jennifer L. Armentrout
894,"The Mermaid, the Witch, and the Sea (Hardcover)",Erin Beaty
895,Forbidden (Paperback),Maggie Tokuda-Hall
896,More Than This (Paperback),Tabitha Suzuma
897,Giovanni's Room (Paperback),Patrick Ness
898,"The Girl of Fire and Thorns (Fire and Thorns, #1)",James Baldwin
899,"We Set the Dark on Fire (We Set the Dark on Fire, #1)",Rae Carson
900,"The Friend Zone (The Friend Zone, #1)",Abby Jimenez
901,Among the Beasts & Briars (Hardcover),Ashley Poston
902,We Are the Ants (Hardcover),Shaun David Hutchinson
903,Spinning Silver (Kindle Edition),Naomi Novik
904,"Bound by Hatred (Born in Blood Mafia Chronicles, #3)",Cora Reilly
905,"Angry God (All Saints High, #3)",L.J. Shen
906,"Master of Crows (Master of Crows, #1)",Grace Draven
907,"Lord of the Fading Lands (Tairen Soul, #1)",C.L. Wilson
908,"The Star-Touched Queen (The Star-Touched Queen, #1)",Roshani Chokshi
909,"City of Glass (The Mortal Instruments, #3)",Cassandra Clare
910,"The Lost Hero (The Heroes of Olympus, #1)",Rick Riordan
911,"The Darkest Minds (The Darkest Minds, #1)",Alexandra Bracken
912,"Iron Heart (Crier's War, #2)",Nina Varela
913,Clap When You Land (Hardcover),Elizabeth Acevedo
914,The Perfect Marriage (Paperback),Jeneva Rose
915,It's Kind of a Funny Story (Paperback),Ned Vizzini
916,They Wish They Were Us (Hardcover),Jessica Goodman
917,"Rebel of the Sands (Rebel of the Sands, #1)",Alwyn Hamilton
918,"These Rebel Waves (Stream Raiders, #1)",Sara Raasch
919,"Oaths and Omissions (Monsters & Muses, #3)",Sav R. Miller
920,"Triple Threat (Deception Duet, #1)",K. Webster
921,"Only a Monster (Monsters, #1)",Vanessa Len
922,A Brush with Love (Paperback),Mazey Eddings
923,"Tools of Engagement (Hot & Hammered, #3)",Tessa Bailey
924,Gallant (Hardcover),V.E. Schwab
925,My Name Is Pink (Kindle Edition),Veronica Lancet
926,"Make Me Yours (Bellamy Creek, #2)",Melanie Harlow
927,"Mindf*ck Series (Mindf*ck, #1-5)",S.T. Abby
928,Forget Me Not (Paperback),Melissa Morgan
929,Dear Enemy (Kindle Edition),Kristen Callihan
930,"The Villain (Boston Belles, #2)",L.J. Shen
931,The Reading List (Hardcover),Sara Nisha Adams
932,"Drive Me Wild (Bellamy Creek, #1)",Melanie Harlow
933,A Risk on Forever (Paperback),N.S. Perkins
934,Skin of the Sea (Skin of the Sea #1),Natasha Bowen
935,"Model Behavior (Wrecked Roommates, #1)",Kelsie Rae
936,"Born, Darkly (Darkly, Madly Duet, #1)",Trisha Wolfe
937,Dirty Curve (Kindle Edition),Meagan Brandy
938,Grand Lies (The Promise Duet #1),J.C. Hawke
939,She Gets the Girl (Hardcover),Rachael Lippincott
940,"Nikolai: A Mafia Prince Romance (Russian Mob Chronicles, #1)",Shandi Boyes
941,"Ruthless Empire (Royal Elite, #6)",Rina Kent
942,"Protecting You (Bailey Brothers, #1)",Claire Kingsley
943,Someone You Love (Paperback),Kristen Granata
944,Homesick for Another World (Hardcover),Ottessa Moshfegh
945,"Fated Throne (Zodiac Academy, #6)",Caroline Peckham
946,"The Assassin and the Pirate Lord (Throne of Glass, #0.1)",Sarah J. Maas
947,"Riot House (Crooked Sinners, #1)",Callie Hart
948,Fangirl (Kindle Edition),Rainbow Rowell
949,"Escaping Conviction (Conviction, #1)",Greer Rivers
950,Balance (Off Balance #1),Lucia Franco
951,Baby & the Late Night Howlers (Sweet Omegaverse #1),Kathryn Moon
952,Bought (Highest Bidder #1),Lauren Landish
953,"Cyanide (Surface Rust, #1)",Ella Fields
954,The Road Trip (Hardcover),Beth O'Leary
955,Little Dove (Kindle Edition),Layla Frost
956,The Kind Worth Killing (Hardcover),Peter Swanson
957,"Ensnared (The Spider's Mate, #1)",Tiffany Roberts
958,"Glow (The Plated Prisoner, #4)",Raven Kennedy
959,When Breath Becomes Air (Kindle Edition),Paul Kalanithi
960,Klara and the Sun (Hardcover),Kazuo Ishiguro
961,"Barbarian Lover (Ice Planet Barbarians, #3)",Ruby Dixon
962,The Mothers (Hardcover),Brit Bennett
963,Lola & the Millionaires: Part One (Sweet Omegaverse #2),Kathryn Moon
964,Cultish: The Language of Fanaticism (Hardcover),Amanda Montell
965,"Hero (Hero, #1)",Samantha Young
966,"Immoral Confessions (Boys of St. Augustine, #1)",R. Holmes
967,"Detransition, Baby (Hardcover)",Torrey Peters
968,"Him (Him, #1)",Sarina Bowen
969,Ghosts (Hardcover),Dolly Alderton
970,"The Witch King (The Witch King, #1)",H.E. Edgmon
971,"The Winter King (Weathermages of Mystral, #1)",C.L. Wilson
972,Yolk,Mary H.K. Choi
973,"Curse of the Night Witch (Emblem Island, #1)",Alex Aster
974,Misconduct (Paperback),Penelope Douglas
975,The Chosen and the Beautiful (Hardcover),Nghi Vo
976,"Hunting Prince Dracula (Stalking Jack the Ripper, #2)",Kerri Maniscalco
977,Hush Hush (Kindle Edition),Lucia Franco
978,"Namesake (Fable, #2)",Adrienne Young
979,"Wake, Siren: Ovid Resung (Paperback)",Nina MacLaughlin
980,"Havoc at Prescott High (The Havoc Boys, #1)",C.M. Stunich
981,On the Edge (Paperback),Joanna Mazurkiewicz
982,Love at First Fight (Kindle Edition),Carrie Aarons
983,Cast in Firelight (Hardcover),Dana Swift
984,"When Wishes Bleed (When Wishes Bleed, #1)",Casey L. Bond
985,Sometimes I Lie (Paperback),Alice Feeney
986,"A Heart of Blood and Ashes (A Gathering of Dragons, #1)",Milla Vane
987,"Playing with Monsters (Playing with Monsters, #1)",Amelia Hutchins
988,"Wicked Fox (Gumiho, #1)",Kat Cho
989,"Devious Lies (Cruel Crown, #1)",Parker S. Huntington
990,Station Eleven (Hardcover),Emily St. John Mandel
991,Sharp Objects (Paperback),Gillian Flynn
992,82년생 김지영 (Hardcover),Cho Nam-Joo
993,Severance (Hardcover),Ling Ma
994,"The Empire of Gold (The Daevabad Trilogy, #3)",S.A. Chakraborty
995,Sing Me Forgotten (Hardcover),Jessica S. Olson
996,"Dark Shores (Dark Shores, #1)",Danielle L. Jensen
997,The Sword of Kaigen (Kindle Edition),M.L. Wang
998,"Twisted Loyalties (The Camorra Chronicles, #1)",Cora Reilly
999,"Mr. Masters (Mr. Series, #1)",T.L. Swan
1000,This Time Next Year (Kindle Edition),Sophie Cousens
1001,Chosen Ones (The Chosen Ones #1),Veronica Roth
1002,The Wife Upstairs (Hardcover),Rachel Hawkins
1003,The Hunting Party (Paperback),Lucy Foley
1004,The Gravity of Us (Hardcover),Phil Stamper
1005,"Sea Witch (Sea Witch, #1)",Sarah Henning
1006,Atomic Habits: An Easy & Proven Way to Build Good Habits & Break Bad Ones (Kindle Edition),James Clear
1007,Midnight Sun (Hardcover),Stephenie Meyer
1008,"Scarlet (The Lunar Chronicles, #2)",Marissa Meyer
1009,"Broken Knight (All Saints High, #2)",L.J. Shen
1010,"The Hunter (Boston Belles, #1)",L.J. Shen
1011,"The Beauty of Darkness (The Remnant Chronicles, #3)",Mary E. Pearson
1012,Ruinsong (Hardcover),Julia Ember
1013,"Beyond the Ruby Veil (Beyond the Ruby Veil, #1)",Mara Fitzgerald
1014,"Outlander (Outlander, #1)",Diana Gabaldon
1015,With the Fire on High (ebook),Elizabeth Acevedo
1016,"The Year of the Witching (Bethel, #1)",Alexis Henderson
1017,"Falling Kingdoms (Falling Kingdoms, #1)",Morgan Rhodes
1018,"Snow Like Ashes (Snow Like Ashes, #1)",Sara Raasch
1019,My Killer Vacation (ebook),Tessa Bailey
1020,"Ruin (Dark Island Scots, #1)",Jolie Vines
1021,"Hot Vampire Next Door: Season One (Midnight Harbor, #1)",Nikki St. Crowe
1022,"Melt for Us (Holiday Masked Men, #2)",Molly Doyle
1023,"Vipers and Virtuosos (Monsters & Muses, #2)",Sav R. Miller
1024,The School for Good Mothers (Hardcover),Jessamine Chan
1025,River Wild (ebook),Samantha Towle
1026,"There Is No Devil (Sinners Duet, #2)",Sophie Lark
1027,"Empire of Desire (Empire, #1)",Rina Kent
1028,"King of Corium (Corium University Trilogy, #1)",C. Hallman
1029,"Bloody Heart (Brutal Birthright, #4)",Sophie Lark
1030,"This Is Crazy (This is, #1)",Natasha Madison
1031,"Lady of Darkness (Lady of Darkness, #1)",Melissa K. Roehrich
1032,"Change on the Fly (Totally Pucked, #1)",Maren Moore
1033,The Psycho (The Soldiers of Anarchy #1),Nikki J. Summers
1034,Inevitable (Stonewood Brothers #1),Shain Rose
1035,First Semester (Campus Tales #1),Q.B. Tyler
1036,Choosing Theo (Clecanian #1),Victoria Aveline
1037,Lilah (ebook),Ashlyn Montgomery
1038,"Riggs (The Kings of Retribution, Louisiana Chapter, #1)",Sandy Alvarez
1039,"Carnal Urges (Queens & Monsters, #2)",J.T. Geissinger
1040,"Filthy Rich (The Five Points' Mob Collection, #2)",Serena Akeroyd
1041,"Reign of a King (Kingdom Duet, #1)",Rina Kent
1042,Unlawful Temptations (Star-Crossed Book One),Alexandria Lee
1043,"The Rebel (Kingmakers, #2)",Sophie Lark
1044,The Masks We Wear (Kindle Edition),Lee Jacquot
1045,"If the Shoe Fits (Meant to Be, #1)",Julie Murphy
1046,Hating the Boss (paperback),Kristen Granata
1047,"When Heroes Fall (Anti-Heroes in Love, #1)",Giana Darling
1048,"Gods & Monsters (Gods & Monsters, #1)",Janie Marie
1049,Maybe in Another Life (Paperback),Taylor Jenkins Reid
1050,"Wolf (The Brotherhood, #1)",Penelope Black
1051,"Fighting Conviction (Conviction, #2)",Greer Rivers
1052,"Bitter Heat (Singed, #1)",Mia Knight
1053,"Twisted Pride (The Camorra Chronicles, #3)",Cora Reilly
1054,"Idol (VIP, #1)",Kristen Callihan
1055,"Puck Me Secretly (Vancouver Wolves Hockey, #1)",Odette Stone
1056,"Monster in His Eyes (Monster in His Eyes, #1)",J.M. Darhower
1057,"Rival (Fall Away, #2)",Penelope Douglas
1058,In the Ravenous Dark (Hardcover),A.M. Strickland
1059,"Addicted After All (Addicted, #5)",Krista Ritchie
1060,Captivated (Kindle Edition),Tessa Bailey
1061,"Last (Copperslane, #1)",Garnet Christie
1062,Built to Fall (Kindle Edition),Julia Wolf
1063,"The Sea Witch (Wicked Villains, #5)",Katee Robert
1064,The Princess Trap (Paperback),Talia Hibbert
1065,The Push (Hardcover),Ashley Audrain
1066,Some Kind of Perfect (Calloway Sisters #5),Krista Ritchie
1067,Signs of Cupidity (Heart Hassle #1),Raven Kennedy
1068,"Phoenix Unbound (Fallen Empire, #1)",Grace Draven
1069,"City in Embers (Collector, #1)",Stacey Marie Brown
1070,"The Kingdom of Copper (The Daevabad Trilogy, #2)",S.A. Chakraborty
1071,"La Mémoire de Babel (La Passe-Miroir, #3)",Christelle Dabos
1072,"The Heart of Betrayal (The Remnant Chronicles, #2)",Mary E. Pearson
1073,My Best Friend's Exorcism (Kindle Edition),Grady Hendrix
1074,"A Gathering of Shadows (Shades of Magic, #2)",V.E. Schwab
1075,"The Golem and the Jinni (The Golem and the Jinni, #1)",Helene Wecker
1076,Baby Teeth (Hardcover),Zoje Stage
1077,The Last True Poets of the Sea (Hardcover),Julia Drake
1078,The Places I've Cried in Public (Kindle Edition),Holly Bourne
1079,"The Never Tilting World (The Never Tilting World, #1)",Rin Chupeco
1080,The Only Good Indians (Hardcover),Stephen Graham Jones
1081,"The Program (The Program, #1)",Suzanne Young
1082,Jane Eyre (Paperback),Charlotte Brontë
1083,Lock Every Door (ebook),Riley Sager
1084,The Great Alone (Kindle Edition),Kristin Hannah
1085,"The Hundred Thousand Kingdoms (Inheritance, #1)",N.K. Jemisin
1086,"Neverwhere (London Below, #1)",Neil Gaiman
1087,Death in Her Hands (Hardcover),Ottessa Moshfegh
1088,My Favorite Half-Night Stand (Paperback),Christina Lauren
1089,Romanov (Hardcover),Nadine Brandes
1090,"The Language of Thorns: Midnight Tales and Dangerous Magic (Grishaverse, #0.5, 2.5, 2.6)",Leigh Bardugo
1091,Switched (Trylle #1),Amanda Hocking
1092,Sawkill Girls (Hardcover),Claire Legrand
1093,The City We Became (Hardcover),N.K. Jemisin
1094,"Good Gone Bad (The Fallen Men, #3)",Giana Darling
1095,"Until Friday Night (The Field Party, #1)",Abbi Glines
1096,The Whisper Man (Hardcover),Alex North
1097,The Turn of the Key (Hardcover),Ruth Ware
1098,Stolen Songbird (The Malediction Trilogy #1),Danielle L. Jensen
1099,The Unrequited (Paperback),Saffron A. Kent
1100,My Heart and Other Black Holes (Kindle Edition),Jasmine Warga
1101,Rebecca (ebook),Daphne du Maurier
1102,When We Collided (Hardcover),Emery Lord
1103,"Thunderhead (Arc of a Scythe, #2)",Neal Shusterman
1104,"Broken Throne (Red Queen, #4.5)",Victoria Aveyard
1105,"City of Ashes (The Mortal Instruments, #2)",Cassandra Clare
1106,Winterwood (Hardcover),Shea Ernshaw
1107,"Ruthless Knight (Royal Hearts Academy, #2)",Ashley Jade
1108,"The Girl in the Tower (The Winternight Trilogy, #2)",Katherine Arden
1109,"The Other Side of the Sky (The Other Side of the Sky, #1)",Amie Kaufman
1110,Love From A to Z (Kindle Edition),S.K. Ali
1111,"These Feathered Flames (These Feathered Flames, #1)",Alexandra Overy
1112,She's Too Pretty to Burn (Hardcover),Wendy Heard
1113,A Kingdom of Exiles (Outcast #1),S.B. Nova
1114,The Leaving (Hardcover),Tara Altebrando
1115,Emergency Contact (Hardcover),Mary H.K. Choi
1116,"The Princess Will Save You (Kingdoms of Sand and Sky, #1)",Sarah Henning
1117,Everyone in This Room Will Someday Be Dead (Hardcover),Emily R. Austin
1118,Pack Up the Moon (Paperback),Kristan Higgins
1119,The Four Leaf (Kindle Edition),Lee Jacquot
1120,Say You Swear,Meagan Brandy
1121,"City of Gods and Monsters (House of Devils, #1)",Kayla Edwards
1122,"Make Me Lie (Rich Demons of Darkwood, #1)",C.R. Jane
1123,The Book of Azrael (Gods and Monsters #1),Amber Nicole
1124,Set on You (Paperback),Amy Lea
1125,"Empire of Sin (Empire, #2)",Rina Kent
1126,Darling Girl: A Novel of Peter Pan (Hardcover),Liz Michalski
1127,"The Secrets in Shadow and Blood (Season of the Vampire, #1; Fae Guardians, #4)",Lana Pecherczyk
1128,The Girl Who Fell Beneath the Sea (Hardcover),Axie Oh
1129,"A Broken Blade (The Halfling Saga, #1)",Melissa Blair
1130,My Best Friend's Sister (Kindle Edition),Q.B. Tyler
1131,"Broken Bonds (The Bonds that Tie, #1)",J. Bree
1132,When I Was Yours (Kindle Edition),Samantha Towle
1133,There's Always Someday (Paperback),Harloe Rae
1134,"Until Tomorrow Comes (Beauty in Lies, #1)",Adelaide Forrest
1135,"The Bully (Kingmakers, #3)",Sophie Lark
1136,The Final Girl Support Group (Hardcover),Grady Hendrix
1137,"Wounded Kiss (To Be Claimed, #1)",Willow Winters
1138,"The Confession Duet (Club Alias, #1; Confession Duet, #1-2)",K.D. Robichaux
1139,Keeping My Bride (Kindle Edition),Angela Snyder
1140,"Prince Charming (Cinderella, #2)",K. Webster
1141,Inevitable (Kindle Edition),Kristen Granata
1142,"Saint (Priest, #3)",Sierra Simone
1143,"Wreck & Ruin (Blue Angels Motorcycle Club, #1)",Emma Slate
1144,"Famine (The Four Horsemen, #3)",Laura Thalassa
1145,"The Viscount Who Loved Me (Bridgertons, #2)",Julia Quinn
1146,"Powerless (Powerless, #1)",Lauren Roberts
1147,Paradise (The Paradise Club #1),J.A. Low
1148,"The Assassin and the Underworld (Throne of Glass, #0.4)",Sarah J. Maas
1149,We Have Always Lived in the Castle (Paperback),Shirley Jackson
1150,Dynasty (Boys of Winter #1),Sheridan Anne
1151,"The Gilded Cage (The Prison Healer, #2)",Lynette Noni
1152,The Marrow Thieves (Paperback),Cherie Dimaline
1153,Less (Kindle Edition),Andrew Sean Greer
1154,The Fae King's Curse (Between Dawn and Dusk #1),Jamie Schlosser
1155,"Malice (Malice Mafia, #1)",Coralee June
1156,Code Name Verity (Paperback),Elizabeth Wein
1157,"Hero (The Morgan Brothers, #1)",Lauren Rowe
1158,"Devious Little Liars (Saint View High, #1)",Elle Thorpe
1159,The Argonauts (Hardcover),Maggie Nelson
1160,Stardust (Paperback),Neil Gaiman
1161,The Anthropocene Reviewed (Hardcover),John Green
1162,"Mr. Sin (Sin, #1)",S.J. Tilly
1163,"The Takeover (The Miles High Club, #2)",T.L. Swan
1164,"Stalked by the Kraken (Monstrous Matches, #1)",Lillian Lark
1165,"Throne of Power (Throne Duet, #1)",Rina Kent
1166,The Undocumented Americans (Hardcover),Karla Cornejo Villavicencio
1167,"Beneath the Stars (Sugarlake, #1)",Emily McIntire
1168,When Stars Burn Out (Paperback),Carrie Aarons
1169,Lord of Eternal Night (Darkmourn Universe #1),Ben Alderson
1170,The Taking of Jake Livingston (Hardcover),Ryan Douglass
1171,The Virgin Suicides (Paperback),Jeffrey Eugenides
1172,"Cruel King (Royal Elite, #0)",Rina Kent
1173,The Dictionary of Lost Words (Paperback),Pip Williams
1174,If This Gets Out (Hardcover),Sophie Gonzales
1175,Binding 13 (Boys of Tommen #1),Chloe Walsh
1176,The Girls (Hardcover),Emma Cline
1177,Beasts of Prey (Hardcover),Ayana Gray
1178,"Conventionally Yours (True Colors, #1)",Annabeth Albert
1179,How to Fail at Flirting (Paperback),Denise Williams
1180,"The Dragon Republic (The Poppy War, #2)",R.F. Kuang
1181,The Ghosts We Keep (Hardcover),Mason Deaver
1182,Underneath the Sycamore Tree (Kindle Edition),B. Celeste
1183,"Wicked (A Wicked Trilogy, #1)",Jennifer L. Armentrout
1184,How It Feels to Float (Hardcover),Helena Fox
1185,"Les Disparus du Clairdelune (La Passe-Miroir, #2)",Christelle Dabos
1186,I Need You To Hate Me (Kindle Edition),Genicious Fox
1187,"Capturing the Devil (Stalking Jack the Ripper, #4)",Kerri Maniscalco
1188,"Love Her or Lose Her (Hot & Hammered, #2)",Tessa Bailey
1189,"The Wolf of Oren-Yaro (Chronicles of the Bitch Queen, #1)",K.S. Villoso
1190,"The Body Keeps the Score: Brain, Mind, and Body in the Healing of Trauma (Hardcover)",Bessel van der Kolk
1191,New Moon (Hardcover),Stephenie Meyer
1192,"A Conjuring of Light (Shades of Magic, #3)",V.E. Schwab
1193,Little Women (Paperback),Louisa May Alcott
1194,The Couple Next Door (Hardcover),Shari Lapena
1195,"Aries (The Zodiac Queen, #1)",Gemma James
1196,Wuthering Heights (Paperback),Emily Brontë
1197,They Never Learn (Hardcover),Layne Fargo
1198,The Five: The Untold Lives of the Women Killed by Jack the Ripper (Hardcover),Hallie Rubenhold
1199,The Mercies (Hardcover),Kiran Millwood Hargrave
1200,Hood Feminism: Notes from the Women That a Movement Forgot (Hardcover),Mikki Kendall
1201,Pet (Hardcover),Akwaeke Emezi
1202,The Lives of Saints (Grishaverse),Leigh Bardugo
1203,Elatsoe (Hardcover),Darcie Little Badger
1204,"Bringing Down the Duke (A League of Extraordinary Women, #1)",Evie Dunmore
1205,The Ones We're Meant to Find (Kindle Edition),Joan He
1206,"The First Sister (The First Sister Trilogy, #1)",Linden A. Lewis
1207,"The Demon King (Seven Realms, #1)",Cinda Williams Chima
1208,"Flowers in the Attic (Dollanganger, #1)",V.C. Andrews
1209,The Devil and the Dark Water (Hardcover),Stuart Turton
1210,"House of Bastiion (The Haidren Legacy, #1)",K.L. Kolarich
1211,City of Girls (Hardcover),Elizabeth Gilbert
1212,"Storm and Silence (Storm and Silence, #1)",Robert Thier
1213,"My Darling Arrow (St. Mary’s Rebels, #1)",Saffron A. Kent
1214,"Theft of Swords (The Riyria Revelations, #1-2)",Michael J. Sullivan
1215,The Sun and Her Flowers (Paperback),Rupi Kaur
1216,Horrid (Hardcover),Katrina Leno
1217,"The Near Witch (The Near Witch, #1)",Victoria Schwab
1218,"A Study in Charlotte (Charlotte Holmes, #1)",Brittany Cavallaro
1219,"Warbreaker (Warbreaker, #1)",Brandon Sanderson
1220,Dead Poets Society (Paperback),N.H. Kleinbaum
1221,"Delirium (Delirium, #1)",Lauren Oliver
1222,"Just Drop Out (Hannaford Prep, #1)",J. Bree
1223,The Switch (Kindle Edition),Beth O'Leary
1224,"Heart of Iron (Heart of Iron, #1)",Ashley Poston
1225,The Rage of Dragons (The Burning #1),Evan Winter
1226,"Twisted Emotions (The Camorra Chronicles, #2)",Cora Reilly
1227,"Groupie (Rock-Hard Beautiful, #1)",C.M. Stunich
1228,"Queen of Air and Darkness (The Dark Artifices, #3)",Cassandra Clare
1229,Breathless (Hardcover),Jennifer Niven
1230,The Falling in Love Montage (Hardcover),Ciara Smyth
1231,"Forest of a Thousand Lanterns (Rise of the Empress, #1)",Julie C. Dao
1232,"The School for Good and Evil (The School for Good and Evil, #1)",Soman Chainani
1233,"War of Hearts (True Immortality, #1)",S. Young
1234,"Set Fire to the Gods (Set Fire to the Gods, #1)",Sara Raasch
1235,"S.T.A.G.S (S.T.A.G.S, #1)",M.A. Bennett
1236,A Throne of Swans (A Throne of Swans #1),Katharine Corr
1237,The Memory Book (Kindle Edition),Lara Avery
1238,"The Last Namsara (Iskari, #1)",Kristen Ciccarelli
1239,"Eyes on Me (Salacious Players Club, #2)",Sara Cate
1240,The Confidence of Wildflowers (Paperback),Micalea Smeltzer
1241,"Wretched (Never After, #3)",Emily McIntire
1242,"A Magic Steeped in Poison (The Book of Tea, #1)",Judy I. Lin
1243,"The Brazen (Calamity Montana, #3)",Willa Nash
1244,"River of Shadows (Underworld Gods, #1)",Karina Halle
1245,Sinners Anonymous (Sinners Anonymous #1),Somme Sketcher
1246,Cruel Princes (Princes of Devil's Creek Book 1),Jillian Frost
1247,Something Wilder (Hardcover),Christina Lauren
1248,Tricky Magic (Tricky Magic #1),L.L. Campbell
1249,"Brutal Heir (Court University, #1)",Eden O'Neill
